"Month","Hungary real home price index","Budapest real home price index","Hungary nominal home price index","Budapest nominal home price index"
"2017.01.",95.4,101,81.9,86.7
"2017.02.",95.8,101.5,82.5,87.5
"2017.03.",95.8,101.4,82.5,87.4
"2017.04.",96.4,101.7,83.4,88
"2017.05.",97.2,103.1,84.2,89.3
"2017.06.",97.9,103.7,84.8,89.8
"2017.07.",101,107,87.5,92.7
"2017.08.",102,107.9,88.4,93.5
"2017.09.",101.2,107,87.8,92.9
"2017.10.",100.8,106.2,87.8,92.4
"2017.11.",100.5,105.9,87.8,92.5
"2017.12.",100.7,106.6,87.9,93.1
"2018.01.",100.4,105.7,88,92.7
"2018.02.",101.2,106.3,88.9,93.3
"2018.03.",101.5,107.1,89.2,94.1
"2018.04.",102.3,107.3,90.5,94.9
"2018.05.",102.8,108.4,91.5,96.4
"2018.06.",104,109.1,92.9,97.4
"2018.07.",106.4,111.6,95.3,100
"2018.08.",106.9,112.2,95.8,100.5
"2018.09.",107.2,112.9,96.4,101.5
"2018.10.",106,111.1,95.8,100.4
"2018.11.",106.8,112,96.1,100.9
"2018.12.",108.1,113.7,97,102
"2019.01.",108.8,113.9,97.9,102.5
"2019.02.",109.2,114.8,98.9,103.9
"2019.03.",109,113.9,99.3,103.8
"2019.04.",108.6,113.3,99.8,104.2
"2019.05.",108.6,113.7,100.5,105.2
"2019.06.",111.6,116.9,103,107.9
"2019.07.",111.7,117.4,103.3,108.6
"2019.08.",114.8,120.6,106.1,111.4
"2019.09.",112.4,117.3,103.9,108.4
"2019.10.",112.5,117.5,104.6,109.3
"2019.11.",113.7,117.9,105.8,109.8
"2019.12.",112.7,117.4,105.2,109.6
"2020.01.",113.9,118.8,107.3,111.9
"2020.02.",111.7,116.2,105.5,109.8
"2020.03.",106.4,108.5,100.7,102.7
"2020.04.",102.7,103.4,96.7,97.4
"2020.05.",105.1,107.2,99.4,101.3
"2020.06.",103.9,104.4,98.6,99.1
"2020.07.",104.5,106,100.3,101.8
"2020.08.",103.3,104.3,99.1,100.1
"2020.09.",102.7,103.9,98.2,99.3
"2020.10.",100.1,101.2,95.9,97
"2020.11.",99.2,99.8,94.8,95.4
"2020.12.",97.7,98,93.6,94
"2021.01.",96.9,96.8,93.7,93.7
"2021.02.",97.2,96.9,94.7,94.4
"2021.03.",97,97,95.2,95.2
"2021.04.",97.5,97.5,96.4,96.4
"2021.05.",98,98,97.4,97.4
"2021.06.",99.1,99.2,99,99.2
"2021.07.",101.2,101.2,101.7,101.6
"2021.08.",102.1,102.2,102.8,102.9
"2021.09.",102.9,102.4,103.7,103.2
"2021.10.",102.1,102.6,104.1,104.6
"2021.11.",102.5,102.8,105.3,105.5
"2021.12.",102.8,102.8,105.9,105.9
"2022.01.",103.4,103.9,107.9,108.4
"2022.02.",104.3,104.3,110,110
"2022.03.",105.6,106.3,112.5,113.2
"2022.04.",106,106.7,114.8,115.5
"2022.05.",107,107.5,117.7,118.3
"2022.06.",109.4,110.2,122.2,123
"2022.07.",109.4,110.9,125,126.7
"2022.08.",109.1,110.4,126.9,128.4
"2022.09.",104.9,105.9,127,128.2
"2022.10.",103,104.3,127.2,128.9
"2022.11.",101.9,103.5,128.1,130.2
"2022.12.",99.2,100.7,127.2,129.1
"2023.01.",98.6,100.5,129.3,131.8
"2023.02.",99.6,101.1,131.7,133.7
"2023.03.",99.6,101.1,132.7,134.8
"2023.04.",99.6,102.1,133.7,137.1
"2023.05.",101.8,103.1,136.1,137.9
"2023.06.",103.6,105.4,138.9,141.4
"2023.07.",105.3,107.2,141.6,144.1
"2023.08.",105.4,106.8,142.7,144.5
"2023.09.",105.1,106.1,142.8,144.1
"2023.10.",105.7,107.1,143.4,145.4
"2023.11.",105.9,107.2,143.7,145.5
"2023.12.",106,106.8,143.4,144.5
"2024.01.",107,108.1,145.6,147.2
"2024.02.",107.3,108.5,147.1,148.8
"2024.03.",107.3,109.6,148.2,151.5
"2024.04.",107.4,108.4,149.4,150.7
"2024.05.",108.2,109.9,150.4,152.8
"2024.06.",110.3,111.8,153.2,155.3
"2024.07.",111.4,112.5,156,157.5
"2024.08.",111.9,112.6,156.7,157.7
"2024.09.",111.9,113.2,156.5,158.3
"2024.10.",111.2,113.2,155.7,158.5
"2024.11.",110,111.4,154.7,156.8
"2024.12.",110.8,112,156.7,158.4
"2025.01.",110.9,112.2,159.3,161.2
"2025.02.",110.3,111,159.6,160.6
"2025.03.",110.3,111.8,159.5,161.7
"2025.04.",111.1,113,161,163.7
"2025.05.",111.8,112.6,162.3,163.4
"2025.06.",113.1,114,164.4,165.7
"2025.07.",114.2,115,166.7,167.9
"2025.08.",115.4,115.8,168.5,169.1
"2025.09.",114.2,115.6,166.7,168.7
"2025.10.",113.4,114.4,165.5,167
"2025.11.",112.5,113.4,164.3,165.6
"2025.12.",113.1,114.5,165.2,167.3
"2026.01.",114.2,115.6,167.4,169.5
"2026.02.",114.7,115.4,168.3,169.3
"2026.03.",116.1,116.8,171.1,172
"2026.04.",115.9,116.2,171.4,171.8
"2026.05.",116,116,171.4,171.5
"2026.06.",117,117.3,172.9,173.4
"2026.07.",119.1,119.5,175.8,176.3
"2026.08.",119.7,120.3,176.9,177.9