from_year,to_year,rent_real_pct,house_real_pct,real_diff_pct,rent_nominal_pct,house_nominal_pct,nominal_diff_pct,rent_implied_inflation_pct,house_implied_inflation_pct,inflation_diff_pct
2017,2018,11.229946524064172,4.653465346534658,-6.576481177529514,13.55421686746987,6.92041522491349,-6.633801642556381,2.089608433734935,2.166148890409292,0.0765404566743566
2018,2019,15.064102564102555,7.757805108798488,-7.306297455304067,18.56763925729443,10.571736785329012,-7.995902471965419,3.044856401882634,2.6113483600463283,-0.43350804183630576
2019,2020,3.3426183844011303,4.302019315188765,0.959400930787635,7.829977628635354,9.170731707317081,1.3407540786817274,4.342215549002937,4.6678984971668,0.32568294816386345
2020,2021,6.1994609164420345,-18.518518518518523,-24.717979434960558,9.543568464730278,-16.26452189454871,-25.80809035927899,3.148893148261256,2.766268583962961,-0.38262456429829506
2021,2022,13.83248730964468,7.334710743801653,-6.497776565843027,23.10606060606062,15.68836712913555,-7.41769347692507,8.146684233640755,7.782809798848134,-0.3638744347926215
2022,2023,-11.259754738015616,-3.2723772858517908,7.987377452163825,11.384615384615394,21.58671586715868,10.202100482543287,25.517587939698515,25.700097299480483,0.18250935978196736
2023,2024,7.663316582914592,7.562189054726365,-0.10112752818822734,11.602209944751362,11.684370257966602,0.08216031321524042,3.6585287234796704,3.8323701288218714,0.17384140534220105
2024,2025,11.201866977829633,3.7927844588344195,-7.409082518995214,17.202970297029708,9.510869565217384,-7.6921007318123245,5.3965850415051975,5.509135472370752,0.1125504308655545
2025,2026,6.820566631689395,3.0303030303030276,-3.7902636013863678,8.553326293558605,5.148883374689839,-3.4044429188687664,1.6221217659738274,2.056269157787205,0.4341473918133776
