"Quarter","Nominal rent index","Real rent index"
Q1 2016,29.8,51.6
Q2 2016,30.5,52.2
Q3 2016,31.4,53.9
Q4 2016,31.8,54.3
Q1 2017,33.2,56.1
Q2 2017,34.1,57.3
Q3 2017,35.1,58.9
Q4 2017,35.8,59.7
Q1 2018,37.7,62.4
Q2 2018,38.7,63.3
Q3 2018,40.3,65.4
Q4 2018,41.4,66.8
Q1 2019,44.7,71.8
Q2 2019,46.2,72.8
Q3 2019,46.9,73.8
Q4 2019,46.6,72.7
Q1 2020,48.2,74.2
Q2 2020,47.1,72.5
Q3 2020,49,74.2
Q4 2020,48.3,73.3
Q1 2021,52.8,78.8
Q2 2021,55.1,80.5
Q3 2021,57.1,82.5
Q4 2021,59.2,84
Q1 2022,65,89.7
Q2 2022,68.8,90.9
Q3 2022,70.9,87.9
Q4 2022,69.6,80.4
Q1 2023,72.4,79.6
Q2 2023,73.2,79.4
Q3 2023,73.5,79
Q4 2023,74.7,80.1
Q1 2024,80.8,85.7
Q2 2024,82.3,86
Q3 2024,83.2,86.4
Q4 2024,86.5,89.3
Q1 2025,94.7,95.3
Q2 2025,96.8,96.9
Q3 2025,103.1,102.7
Q4 2025,105.4,104.9
Q1 2026,102.8,101.8