year,huf_return_pct,eur_return_pct,eurhuf_change_pct,eurhuf_start,eurhuf_end,huf_return_pct_ecb_fx_check,source
2015,8.35,8.92,-0.53,314.459,312.808,8.09,proxy (VWRL.AS)
2016,10.06,10.75,-0.62,312.808,310.861,9.58,proxy (VWRL.AS)
2017,8.52,8.95,-0.4,310.861,309.631,9.12,proxy (VWRL.AS)
2018,-1.06,-4.68,3.8,309.631,321.382,-1.41,proxy (VWRL.AS)
2019,32.89,29.17,2.88,321.382,330.647,33.22,"mixed: proxy VWRL.AS Jan-Jul, VWCE Aug-Dec"
2020,16.1,5.36,10.2,330.647,364.372,16.13,VWCE
2021,30.6,28.62,1.54,364.372,369.976,30.47,VWCE
2022,-6.58,-13.47,7.96,369.976,399.442,-6.29,VWCE
2023,13.1,18.18,-4.29,399.442,382.298,12.85,VWCE
2024,33.55,24.41,7.35,382.298,410.38,33.75,VWCE
2025,2.67,9.16,-5.95,410.38,385.971,2.37,VWCE
